{
  "utils/DataManagerUtils.js": 1696487001958,
  "i18n/i18n_ru.properties": 1696485617133,
  "i18n/i18n_ro.properties": 1696485617133,
  "i18n/i18n_iw.properties": 1696485617133,
  "i18n/i18n_en.properties": 1696485617133,
  "i18n/i18n.properties": 1693835220023,
  "controller/Worklist.controller.js": 1696876109510,
  "utils/ServiceUrlProvider.js": 1696683380084,
  "utils/FilterController.js": 1696761548201,
  "i18n/i18n_tr.properties": 1696485617149,
  "utils/DataManager.js": 1696486957326,
  "utils/CompetencyTabPersonalizationService.js": 1696485811511,
  "utils/ApplicationController.js": 1696755846558,
  "model/models.js": 1696485769183,
  "model/formatter.js": 1696485782247,
  "lib/_.js": 1696485717720,
  "data/tablesConfig.json": 1696485680080,
  "data/competency.json": 1696485680080,
  "controls/Donut.js": 1696875132221,
  "utils/TablesController.js": 1696684157713,
  "controller/ErrorHandler.js": 1696487148400,
  "controller/BaseController.js": 1696485340716,
  "controller/App.controller.js": 1696485234829,
  "manifest.json": 1697178544513,
  "Component.js": 1696486090228,
  "utils/FilterController-dbg.js": 1696761548201,
  "utils/FilterController.js.map": 1697178544969,
  "utils/ServiceUrlProvider-dbg.js": 1696683380084,
  "utils/ServiceUrlProvider.js.map": 1697178544902,
  "controller/Worklist-dbg.controller.js": 1696876109510,
  "controller/Worklist.controller.js.map": 1697178545021,
  "utils/DataManagerUtils-dbg.js": 1696487001958,
  "utils/DataManagerUtils.js.map": 1697178544937,
  "utils/DataManager-dbg.js": 1696486957326,
  "utils/DataManager.js.map": 1697178544969,
  "utils/CompetencyTabPersonalizationService-dbg.js": 1696485811511,
  "utils/CompetencyTabPersonalizationService.js.map": 1697178544954,
  "utils/ApplicationController-dbg.js": 1696755846558,
  "utils/ApplicationController.js.map": 1697178544971,
  "model/models-dbg.js": 1696485769183,
  "model/models.js.map": 1697178544979,
  "model/formatter-dbg.js": 1696485782247,
  "model/formatter.js.map": 1697178544976,
  "lib/_-dbg.js": 1696485717720,
  "lib/_.js.map": 1697178545184,
  "controls/Donut-dbg.js": 1696875132221,
  "controls/Donut.js.map": 1697178545008,
  "utils/TablesController-dbg.js": 1696684157713,
  "utils/TablesController.js.map": 1697178545038,
  "controller/ErrorHandler-dbg.js": 1696487148400,
  "controller/ErrorHandler.js.map": 1697178545015,
  "controller/BaseController-dbg.js": 1696485340716,
  "controller/BaseController.js.map": 1697178545037,
  "controller/App-dbg.controller.js": 1696485234829,
  "controller/App.controller.js.map": 1697178545046,
  "Component-dbg.js": 1696486090228,
  "Component.js.map": 1697178545046,
  "Component-preload.js": 1697178545571,
  "Component-preload.js.map": 1697178545571,
  "view/fragments/UserCard.fragment.xml": 1696485997757,
  "view/fragments/LatestItemAssignedCard.fragment.xml": 1696485997757,
  "view/fragments/ItemCompetencyCard.fragment.xml": 1696485997757,
  "view/fragments/Filters.fragment.xml": 1696761956478,
  "view/fragments/CompetencyStatus.fragment.xml": 1696486741665,
  "view/fragments/CompetencyGaps.fragment.xml": 1696486731417,
  "view/fragments/CompetencyCard.fragment.xml": 1696485997757,
  "view/fragments/ByManagers.fragment.xml": 1696486676449,
  "view/fragments/ByEmployees.fragment.xml": 1696486666594,
  "view/fragments/ByDivisions.fragment.xml": 1696486650418,
  "view/fragments/ByDepartments.fragment.xml": 1696486466688,
  "view/fragments/ByCompetencies.fragment.xml": 1696486453000,
  "view/fragments/ByCompanies.fragment.xml": 1696486422380,
  "view/Worklist.view.xml": 1696954158121,
  "view/App.view.xml": 1696485967113,
  "css/styles.css": 1696485493686,
  "css/colorcircle.css": 1696485493686,
  "index.html": 1696875998289
}