{
  "controller/Main-dbg.controller.js": 1689403531893,
  "controller/Main.controller.js": 1689403531893,
  "model/models.js": 1689403531885,
  "controller/App.controller.js": 1689403531885,
  "manifest.json": 1689405759730,
  "Component.js": 1689403531873,
  "model/models-dbg.js": 1689403531885,
  "model/models.js.map": 1689405759958,
  "i18n/i18n.properties": 1689403531877,
  "controller/Main.controller.js.map": 1689405759969,
  "controller/App-dbg.controller.js": 1689403531885,
  "controller/App.controller.js.map": 1689405759981,
  "Component-dbg.js": 1689403531873,
  "Component.js.map": 1689405759979,
  "Component-preload.js": 1689405760160,
  "Component-preload.js.map": 1689405760160,
  "view/Main.view.xml": 1689403531889,
  "view/App.view.xml": 1689403531889,
  "css/style.css": 1689403531889,
  "index.html": 1689403531873
}