[
	{
		"UserID": "12345",
		"EmployeeID": "64777732",
		"FirstName": "אביב",
		"LastName": "כוכבי",
		"Domain": "1210",
		"DomainDescr": "החברה המרכזית למכירות והפצה",
		"JobCode": "10000389",
		"JobCodeDescr": "מחלק חלב",
		"DirectManagerUserID": "66554",
		"DirectManagerName": "חיים ששון",
		"Department": "3270",
		"DepartmentDescr": "אולמות ",
		"Division": "6210",
		"DivisionDescr": "הנדסה",
		"JobLocation": "1000",
		"JobLocationDescr": "צריפין",
		"CompetencyID": "3000993",
		"CompetencyName": "חלוקת חלב",
		"CompetencyAreaID": "הפצה",
		"CompetencyAreaName": "הפצה",
		"CompetencyClassification": "Professional",
		"GrantingCertificate": "N",
		"AccumulatingItemID": "111",
		"AccumulatingItemTitle": "חלוקת חלב - מבחן מעשי",
		"AssignmentDate": "13/04/2018",
		"CompletionDate": "19/5/2018",
		"ExpirationDate": ""
	},
	{
		"UserID": "23456",
		"EmployeeID": "45465464",
		"FirstName": "שרה",
		"LastName": "ברנוביץ'",
		"Domain": "1210",
		"DomainDescr": "החברה המרכזית למכירות והפצה",
		"JobCode": "10000289",
		"JobCodeDescr": "מלגזן",
		"DirectManagerUserID": "66554",
		"DirectManagerName": "חיים ששון",
		"Department": "3270",
		"DepartmentDescr": "אולמות ",
		"Division": "6210",
		"DivisionDescr": "הנדסה",
		"JobLocation": "1000",
		"JobLocationDescr": "צריפין",
		"CompetencyID": "3000993",
		"CompetencyName": "חלוקת חלב",
		"CompetencyAreaID": "הפצה",
		"CompetencyAreaName": "הפצה",
		"CompetencyClassification": "Professional",
		"GrantingCertificate": "N",
		"AccumulatingItemID": "111",
		"AccumulatingItemTitle": "חלוקת חלב - מבחן מעשי",
		"AssignmentDate": "13/04/2018",
		"CompletionDate": "",
		"ExpirationDate": ""
	},
	{
		"UserID": "23456",
		"EmployeeID": "45465464",
		"FirstName": "שרה",
		"LastName": "ברנוביץ'",
		"Domain": "1210",
		"DomainDescr": "החברה המרכזית למכירות והפצה",
		"JobCode": "10000289",
		"JobCodeDescr": "מלגזן",
		"DirectManagerUserID": "66554",
		"DirectManagerName": "חיים ששון",
		"Department": "3270",
		"DepartmentDescr": "אולמות ",
		"Division": "6210",
		"DivisionDescr": "הנדסה",
		"JobLocation": "1000",
		"JobLocationDescr": "צריפין",
		"CompetencyID": "3445567",
		"CompetencyName": "הפעלת מלגזה א",
		"CompetencyAreaID": "תפעול רכב",
		"CompetencyAreaName": "תפעול רכב",
		"CompetencyClassification": "Professional",
		"GrantingCertificate": "N",
		"AccumulatingItemID": "222",
		"AccumulatingItemTitle": "מלגזן - מבחן מעשי",
		"AssignmentDate": "13/12/2017",
		"CompletionDate": "13/5/2018",
		"ExpirationDate": "12-05-19"
	},
	{
		"UserID": "34567",
		"EmployeeID": "23423423",
		"FirstName": "שלומית",
		"LastName": "כהן",
		"Domain": "1210",
		"DomainDescr": "החברה המרכזית למכירות והפצה",
		"JobCode": "10000286",
		"JobCodeDescr": "בקר",
		"DirectManagerUserID": "66554",
		"DirectManagerName": "חיים ששון",
		"Department": "3270",
		"DepartmentDescr": "אולמות ",
		"Division": "6210",
		"DivisionDescr": "הנדסה",
		"JobLocation": "1000",
		"JobLocationDescr": "צריפין",
		"CompetencyID": "3234444",
		"CompetencyName": "שיווק קולה א",
		"CompetencyAreaID": "שיווק",
		"CompetencyAreaName": "שיווק",
		"CompetencyClassification": "Professional",
		"GrantingCertificate": "N",
		"AccumulatingItemID": "333",
		"AccumulatingItemTitle": "מבוא לשיווק",
		"AssignmentDate": "18/5/2019",
		"CompletionDate": "17/1/2019",
		"ExpirationDate": ""
	},
	{
		"UserID": "66554",
		"EmployeeID": "23234443",
		"FirstName": "חיים",
		"LastName": "ששון",
		"Domain": "1210",
		"DomainDescr": "החברה המרכזית למכירות והפצה",
		"JobCode": "875",
		"JobCodeDescr": "מנהל קו",
		"DirectManagerUserID": "",
		"DirectManagerName": "",
		"Department": "3270",
		"DepartmentDescr": "אולמות ",
		"Division": "6210",
		"DivisionDescr": "הנדסה",
		"JobLocation": "1000",
		"JobLocationDescr": "צריפין",
		"CompetencyID": "100001",
		"CompetencyName": "מניעת הטרדה מינית",
		"CompetencyAreaID": "נהלים",
		"CompetencyAreaName": "נהלים",
		"CompetencyClassification": "Regulation",
		"GrantingCertificate": "N",
		"AccumulatingItemID": "1001",
		"AccumulatingItemTitle": "מניעת הטרדה מינית - לומדה",
		"AssignmentDate": "18/5/2019",
		"CompletionDate": "17/1/2019",
		"ExpirationDate": ""
	},
	{
		"UserID": "12345",
		"EmployeeID": "64777732",
		"FirstName": "אביב",
		"LastName": "כוכבי",
		"Domain": "1210",
		"DomainDescr": "החברה המרכזית למכירות והפצה",
		"JobCode": "10000389",
		"JobCodeDescr": "מחלק חלב",
		"DirectManagerUserID": "66554",
		"DirectManagerName": "חיים ששון",
		"Department": "3270",
		"DepartmentDescr": "אולמות ",
		"Division": "6210",
		"DivisionDescr": "הנדסה",
		"JobLocation": "1000",
		"JobLocationDescr": "צריפין",
		"CompetencyID": "100001",
		"CompetencyName": "מניעת הטרדה מינית",
		"CompetencyAreaID": "נהלים",
		"CompetencyAreaName": "נהלים",
		"CompetencyClassification": "Regulation",
		"GrantingCertificate": "N",
		"AccumulatingItemID": "1001",
		"AccumulatingItemTitle": "מניעת הטרדה מינית - לומדה",
		"AssignmentDate": "18/5/2019",
		"CompletionDate": "21/1/2019",
		"ExpirationDate": ""
	},
	{
		"UserID": "23456",
		"EmployeeID": "45465464",
		"FirstName": "שרה",
		"LastName": "ברנוביץ'",
		"Domain": "1210",
		"DomainDescr": "החברה המרכזית למכירות והפצה",
		"JobCode": "10000289",
		"JobCodeDescr": "מלגזן",
		"DirectManagerUserID": "66554",
		"DirectManagerName": "חיים ששון",
		"Department": "3270",
		"DepartmentDescr": "אולמות ",
		"Division": "6210",
		"DivisionDescr": "הנדסה",
		"JobLocation": "1000",
		"JobLocationDescr": "צריפין",
		"CompetencyID": "100001",
		"CompetencyName": "מניעת הטרדה מינית",
		"CompetencyAreaID": "נהלים",
		"CompetencyAreaName": "נהלים",
		"CompetencyClassification": "Regulation",
		"GrantingCertificate": "N",
		"AccumulatingItemID": "1001",
		"AccumulatingItemTitle": "מניעת הטרדה מינית - לומדה",
		"AssignmentDate": "18/5/2019",
		"CompletionDate": "",
		"ExpirationDate": ""
	},
	{
		"UserID": "34567",
		"EmployeeID": "23423423",
		"FirstName": "שלומית",
		"LastName": "כהן",
		"Domain": "1210",
		"DomainDescr": "החברה המרכזית למכירות והפצה",
		"JobCode": "10000286",
		"JobCodeDescr": "בקר",
		"DirectManagerUserID": "66554",
		"DirectManagerName": "חיים ששון",
		"Department": "3270",
		"DepartmentDescr": "אולמות ",
		"Division": "6210",
		"DivisionDescr": "הנדסה",
		"JobLocation": "1000",
		"JobLocationDescr": "צריפין",
		"CompetencyID": "100001",
		"CompetencyName": "מניעת הטרדה מינית",
		"CompetencyAreaID": "נהלים",
		"CompetencyAreaName": "נהלים",
		"CompetencyClassification": "Regulation",
		"GrantingCertificate": "N",
		"AccumulatingItemID": "1001",
		"AccumulatingItemTitle": "מניעת הטרדה מינית - לומדה",
		"AssignmentDate": "18/5/2019",
		"CompletionDate": "",
		"ExpirationDate": ""
	},
	{
		"UserID": "66554",
		"EmployeeID": "23234443",
		"FirstName": "חיים",
		"LastName": "ששון",
		"Domain": "1210",
		"DomainDescr": "החברה המרכזית למכירות והפצה",
		"JobCode": "875",
		"JobCodeDescr": "מנהל קו",
		"DirectManagerUserID": "",
		"DirectManagerName": "",
		"Department": "3270",
		"DepartmentDescr": "אולמות ",
		"Division": "6210",
		"DivisionDescr": "הנדסה",
		"JobLocation": "1000",
		"JobLocationDescr": "צריפין",
		"CompetencyID": "100002",
		"CompetencyName": "עבודה בגובה",
		"CompetencyAreaID": "תמת",
		"CompetencyAreaName": "תמת",
		"CompetencyClassification": "Regulation",
		"GrantingCertificate": "N",
		"AccumulatingItemID": "1002",
		"AccumulatingItemTitle": "עבודה בגובה - מבחן מעשי",
		"AssignmentDate": "18/6/2019",
		"CompletionDate": "18/7/2019",
		"ExpirationDate": "18/7/2021"
	},
	{
		"UserID": "12345",
		"EmployeeID": "64777732",
		"FirstName": "אביב",
		"LastName": "כוכבי",
		"Domain": "1210",
		"DomainDescr": "החברה המרכזית למכירות והפצה",
		"JobCode": "10000389",
		"JobCodeDescr": "מחלק חלב",
		"DirectManagerUserID": "66554",
		"DirectManagerName": "חיים ששון",
		"Department": "3270",
		"DepartmentDescr": "אולמות ",
		"Division": "6210",
		"DivisionDescr": "הנדסה",
		"JobLocation": "1000",
		"JobLocationDescr": "צריפין",
		"CompetencyID": "100002",
		"CompetencyName": "עבודה בגובה",
		"CompetencyAreaID": "תמת",
		"CompetencyAreaName": "תמת",
		"CompetencyClassification": "Regulation",
		"GrantingCertificate": "N",
		"AccumulatingItemID": "1002",
		"AccumulatingItemTitle": "עבודה בגובה - מבחן מעשי",
		"AssignmentDate": "18/6/2019",
		"CompletionDate": "18/7/2019",
		"ExpirationDate": "18/7/2021"
	},
	{
		"UserID": "23456",
		"EmployeeID": "45465464",
		"FirstName": "שרה",
		"LastName": "ברנוביץ'",
		"Domain": "1210",
		"DomainDescr": "החברה המרכזית למכירות והפצה",
		"JobCode": "10000289",
		"JobCodeDescr": "מלגזן",
		"DirectManagerUserID": "66554",
		"DirectManagerName": "חיים ששון",
		"Department": "3270",
		"DepartmentDescr": "אולמות ",
		"Division": "6210",
		"DivisionDescr": "הנדסה",
		"JobLocation": "1000",
		"JobLocationDescr": "צריפין",
		"CompetencyID": "100002",
		"CompetencyName": "עבודה בגובה",
		"CompetencyAreaID": "תמת",
		"CompetencyAreaName": "תמת",
		"CompetencyClassification": "Regulation",
		"GrantingCertificate": "N",
		"AccumulatingItemID": "1002",
		"AccumulatingItemTitle": "עבודה בגובה - מבחן מעשי",
		"AssignmentDate": "18/6/2019",
		"CompletionDate": "18/7/2019",
		"ExpirationDate": "18/7/2021"
	},
	{
		"UserID": "34567",
		"EmployeeID": "23423423",
		"FirstName": "שלומית",
		"LastName": "כהן",
		"Domain": "1210",
		"DomainDescr": "החברה המרכזית למכירות והפצה",
		"JobCode": "10000286",
		"JobCodeDescr": "בקר",
		"DirectManagerUserID": "66554",
		"DirectManagerName": "חיים ששון",
		"Department": "3270",
		"DepartmentDescr": "אולמות ",
		"Division": "6210",
		"DivisionDescr": "הנדסה",
		"JobLocation": "1000",
		"JobLocationDescr": "צריפין",
		"CompetencyID": "100002",
		"CompetencyName": "עבודה בגובה",
		"CompetencyAreaID": "תמת",
		"CompetencyAreaName": "תמת",
		"CompetencyClassification": "Regulation",
		"GrantingCertificate": "N",
		"AccumulatingItemID": "1002",
		"AccumulatingItemTitle": "עבודה בגובה - מבחן מעשי",
		"AssignmentDate": "18/6/2019",
		"CompletionDate": "18/7/2019",
		"ExpirationDate": "18/7/2021"
	}
]