{
  "Component-preload.js": 1693835408571,
  "Component.js": 1693835220023,
  "controller/Main.controller.js": 1693835220023,
  "controller/App.controller.js": 1693835220023,
  "manifest.json": 1693835408232,
  "model/models.js": 1693835220023,
  "model/models-dbg.js": 1693835220023,
  "model/models.js.map": 1693835408477,
  "controller/Main-dbg.controller.js": 1693835220023,
  "controller/Main.controller.js.map": 1693835408462,
  "controller/App-dbg.controller.js": 1693835220023,
  "controller/App.controller.js.map": 1693835408459,
  "Component-dbg.js": 1693835220023,
  "Component.js.map": 1693835408464,
  "i18n/i18n.properties": 1693835220023,
  "Component-preload.js.map": 1693835408571,
  "view/Main.view.xml": 1693835220023,
  "view/App.view.xml": 1693835220023,
  "css/style.css": 1693835220023,
  "index.html": 1693835220023
}