{
  "controller/BaseController.js": 1696485340716,
  "i18n/i18n_ru.properties": 1696485617133,
  "i18n/i18n_ro.properties": 1696485617133,
  "i18n/i18n_iw.properties": 1696485617133,
  "i18n/i18n_en.properties": 1696485617133,
  "i18n/i18n.properties": 1693835220023,
  "utils/FilterController.js": 1696761548201,
  "utils/ServiceUrlProvider.js": 1696683380084,
  "utils/TablesController.js": 1698123360865,
  "utils/DataManagerUtils.js": 1696487001958,
  "utils/DataManager.js": 1698065391599,
  "utils/CompetencyTabPersonalizationService.js": 1696485811511,
  "utils/ApplicationController.js": 1696755846558,
  "model/models.js": 1696485769183,
  "model/formatter.js": 1696485782247,
  "lib/_.js": 1696485717720,
  "data/tablesConfig.json": 1698047407200,
  "data/competency.json": 1696485680080,
  "controls/Donut.js": 1696875132221,
  "controller/Worklist.controller.js": 1698125434691,
  "controller/ErrorHandler.js": 1697897369913,
  "i18n/i18n_tr.properties": 1696485617149,
  "controller/App.controller.js": 1697897342137,
  "manifest.json": 1698126014461,
  "Component.js": 1696486090228,
  "utils/CompetencyTabPersonalizationService-dbg.js": 1696485811511,
  "utils/CompetencyTabPersonalizationService.js.map": 1698126014751,
  "utils/ServiceUrlProvider-dbg.js": 1696683380084,
  "utils/ServiceUrlProvider.js.map": 1698126014740,
  "utils/TablesController-dbg.js": 1698123360865,
  "utils/TablesController.js.map": 1698126014783,
  "utils/DataManagerUtils-dbg.js": 1696487001958,
  "utils/DataManagerUtils.js.map": 1698126014791,
  "utils/DataManager-dbg.js": 1698065391599,
  "utils/DataManager.js.map": 1698126014843,
  "utils/FilterController-dbg.js": 1696761548201,
  "utils/FilterController.js.map": 1698126014790,
  "utils/ApplicationController-dbg.js": 1696755846558,
  "utils/ApplicationController.js.map": 1698126014792,
  "model/models-dbg.js": 1696485769183,
  "model/models.js.map": 1698126014798,
  "model/formatter-dbg.js": 1696485782247,
  "model/formatter.js.map": 1698126014798,
  "lib/_-dbg.js": 1696485717720,
  "lib/_.js.map": 1698126015026,
  "controls/Donut-dbg.js": 1696875132221,
  "controls/Donut.js.map": 1698126014843,
  "controller/Worklist-dbg.controller.js": 1698125434691,
  "controller/Worklist.controller.js.map": 1698126014888,
  "controller/ErrorHandler-dbg.js": 1697897369913,
  "controller/ErrorHandler.js.map": 1698126014865,
  "controller/BaseController-dbg.js": 1696485340716,
  "controller/BaseController.js.map": 1698126014856,
  "controller/App-dbg.controller.js": 1697897342137,
  "controller/App.controller.js.map": 1698126014864,
  "Component-dbg.js": 1696486090228,
  "Component.js.map": 1698126014869,
  "Component-preload.js": 1698126015366,
  "Component-preload.js.map": 1698126015367,
  "view/fragments/UserCard.fragment.xml": 1698062027724,
  "view/fragments/LatestItemAssignedCard.fragment.xml": 1696485997757,
  "view/fragments/ItemCompetencyCard.fragment.xml": 1698125863438,
  "view/fragments/Filters.fragment.xml": 1696761956478,
  "view/fragments/CompetencyStatus.fragment.xml": 1697277068717,
  "view/fragments/CompetencyGaps.fragment.xml": 1697277101221,
  "view/fragments/CompetencyCard.fragment.xml": 1698124984881,
  "view/fragments/ByManagers.fragment.xml": 1698061006638,
  "view/fragments/ByEmployees.fragment.xml": 1698064505263,
  "view/fragments/ByDivisions.fragment.xml": 1698056261261,
  "view/fragments/ByDepartments.fragment.xml": 1698048028055,
  "view/fragments/ByCompetencies.fragment.xml": 1698122714555,
  "view/fragments/ByCompanies.fragment.xml": 1698042305068,
  "view/Worklist.view.xml": 1696954158121,
  "view/App.view.xml": 1696485967113,
  "css/styles.css": 1696485493686,
  "css/colorcircle.css": 1696485493686,
  "index.html": 1697368681366
}