{
  "controller/Main.controller.js.map": 1696482847497,
  "controller/App.controller.js": 1693835220023,
  "controller/Main.controller.js": 1693835220023,
  "model/models.js": 1693835220023,
  "manifest.json": 1696482847279,
  "Component.js": 1693835220023,
  "controller/Main-dbg.controller.js": 1693835220023,
  "i18n/i18n.properties": 1693835220023,
  "controller/App-dbg.controller.js": 1693835220023,
  "controller/App.controller.js.map": 1696482847505,
  "model/models-dbg.js": 1693835220023,
  "model/models.js.map": 1696482847504,
  "Component-dbg.js": 1693835220023,
  "Component.js.map": 1696482847507,
  "Component-preload.js": 1696482847698,
  "Component-preload.js.map": 1696482847698,
  "view/Main.view.xml": 1693835220023,
  "view/App.view.xml": 1693835220023,
  "css/style.css": 1693835220023,
  "index.html": 1693835220023
}